datum_tijd,levering,teruglevering,netto
1,592.01,34.04,557.97
2,517.79,112.58,405.21
3,421.84000000000003,395.83,26.010000000000005
4,339.2,420.57,-81.36999999999999
5,243.81,528.46,-284.65
6,187.14000000000001,600.5,-413.36
7,234.87,518.1,-283.23
8,264.09,506.28000000000003,-242.19
9,330.16,314.13,16.030000000000005
10,432.19,165.98,266.21
11,572.91,56.68,516.23
12,727.5600000000001,24.44,703.12
